sku,name,category,cas_number,description,price,active,ruo_disclaimer
,Retatrutide,Metabolic/Weight Loss,2381089-83-2,A synthetic triple agonist peptide (GIP/GLP-1/glucagon receptors) studied in preclinical and clinical research for effects on body weight and metabolic parameters.,80,TRUE,For laboratory research use only. Not for human consumption.
,Tirzepatide,Metabolic/Weight Loss,2023788-19-2,A synthetic dual GIP/GLP-1 receptor agonist peptide studied in research settings for effects on glucose regulation and body weight.,50,TRUE,For laboratory research use only. Not for human consumption.
,Semaglutide,Metabolic/Weight Loss,910463-68-2,A synthetic GLP-1 receptor agonist peptide studied in preclinical and clinical research for effects on glucose homeostasis and appetite regulation.,60,TRUE,For laboratory research use only. Not for human consumption.
,AOD-9604,Metabolic/Weight Loss,221231-10-3,A modified fragment of human growth hormone (hGH 176-191) studied in preclinical research for its effects on lipid metabolism.,45,TRUE,For laboratory research use only. Not for human consumption.
,5-Amino-1MQ,Metabolic/Weight Loss,42464-96-0,A small-molecule NNMT (nicotinamide N-methyltransferase) inhibitor studied in preclinical models for effects on cellular metabolism.,40,TRUE,For laboratory research use only. Not for human consumption.
,SLU-PP-332,Metabolic/Weight Loss,303760-60-3,A synthetic ERR (estrogen-related receptor) agonist studied preclinically for effects on mitochondrial biogenesis and exercise-mimetic metabolic pathways.,,TRUE,For laboratory research use only. Not for human consumption.
,Tesamorelin,Growth Hormone/Endocrine,218949-48-5,A synthetic growth-hormone-releasing hormone (GHRH) analog studied in research for its effects on growth hormone secretion and visceral fat metabolism.,55,TRUE,For laboratory research use only. Not for human consumption.
,CJC-1295/Ipamorelin,Growth Hormone/Endocrine,863288-34-0 (CJC-1295 no-DAC) / 170851-70-4 (Ipamorelin),"Two synthetic peptides, a GHRH analog (CJC-1295) and a selective GH-secretagogue peptide (Ipamorelin), studied for effects on pulsatile growth hormone release.",55,TRUE,For laboratory research use only. Not for human consumption.
,Sermorelin,Growth Hormone/Endocrine,86168-78-7,A synthetic 29-amino-acid fragment of human GHRH studied in research for its effects on growth hormone secretion.,45,TRUE,For laboratory research use only. Not for human consumption.
,GHRP-6,Growth Hormone/Endocrine,145177-42-0 (acetate),A synthetic hexapeptide ghrelin-receptor secretagogue studied in preclinical research for effects on growth hormone release and appetite signaling.,25,TRUE,For laboratory research use only. Not for human consumption.
,IGF-1 LR3,Growth Hormone/Endocrine,946870-92-4,A long-acting recombinant analog of insulin-like growth factor 1 studied in preclinical research for effects on cell proliferation and anabolic signaling pathways.,65,TRUE,For laboratory research use only. Not for human consumption.
,HCG 10000IU,Growth Hormone/Endocrine,9002-61-3,"A glycoprotein hormone derived from placental tissue, studied in research contexts for its interaction with LH/hCG receptor signaling in reproductive endocrinology.",50,TRUE,For laboratory research use only. Not for human consumption.
,KPV,Inflammation/Recovery,67727-97-3,A tripeptide fragment of alpha-melanocyte-stimulating hormone (a-MSH 11-13) studied in preclinical models for anti-inflammatory signaling activity.,35,TRUE,For laboratory research use only. Not for human consumption.
,BPC-157,Inflammation/Recovery,137525-51-0,"A synthetic pentadecapeptide derived from a partial sequence of body protection compound, studied preclinically for effects on tissue repair pathways.",30,TRUE,For laboratory research use only. Not for human consumption.
,TB-500,Inflammation/Recovery,885340-08-9,"A synthetic peptide corresponding to the active region of thymosin beta-4, studied in preclinical research for effects on cell migration and tissue repair processes.",35,TRUE,For laboratory research use only. Not for human consumption.
,Glutathione,Cellular Repair/Longevity,70-18-8,A naturally occurring tripeptide antioxidant studied in research for its role in cellular redox regulation and detoxification pathways.,40,TRUE,For laboratory research use only. Not for human consumption.
,NAD+,Cellular Repair/Longevity,53-84-9,A naturally occurring dinucleotide coenzyme studied in preclinical research for its role in cellular energy metabolism and redox reactions.,40,TRUE,For laboratory research use only. Not for human consumption.
,MOTS-c,Cellular Repair/Longevity,1627580-64-6,A mitochondrial-derived peptide studied in preclinical research for effects on AMPK signaling and metabolic homeostasis.,28,TRUE,For laboratory research use only. Not for human consumption.
,SS-31,Cellular Repair/Longevity,736992-21-5,A synthetic aromatic-cationic tetrapeptide studied preclinically for effects on mitochondrial membrane stability and cardiolipin interaction.,40,TRUE,For laboratory research use only. Not for human consumption.
,Epitalon,Cellular Repair/Longevity,307297-39-8,A synthetic tetrapeptide (Ala-Glu-Asp-Gly) studied in preclinical research for effects on telomerase activity and pineal gland function.,28,TRUE,For laboratory research use only. Not for human consumption.
,Thymosin Alpha-1,Immune Support,62304-98-7,A synthetic 28-amino-acid thymic peptide studied in research for its immunomodulatory effects on T-cell function.,35,TRUE,For laboratory research use only. Not for human consumption.
,VIP,Immune Support,40077-57-4,A naturally occurring 28-amino-acid neuropeptide studied in preclinical research for effects on smooth muscle relaxation and immune modulation.,60,TRUE,For laboratory research use only. Not for human consumption.
,LL-37,Immune Support,154947-66-7,A human cathelicidin-derived antimicrobial peptide studied in preclinical research for its effects on innate immune and antimicrobial signaling.,40,TRUE,For laboratory research use only. Not for human consumption.
,N-Acetyl Selank/Semax,Nootropic,2920938-92-5 (Selank) / 2920938-90-3 (Semax),"Acetylated analogs of the peptides Selank and Semax, studied in preclinical research for effects on anxiolytic-like behavior, neurotrophic factor expression, and cognitive function models.",30,TRUE,For laboratory research use only. Not for human consumption.
,Pinealon,Nootropic,175175-23-2,A synthetic tripeptide studied in preclinical research for neuroprotective effects and modulation of gene expression in neural tissue.,43,TRUE,For laboratory research use only. Not for human consumption.
,GHK-Cu,Skin/Cosmetic,49557-75-7,A naturally occurring tripeptide-copper complex studied in preclinical research for effects on dermal collagen synthesis and wound-healing pathways.,20,TRUE,For laboratory research use only. Not for human consumption.
,GLOW,Skin/Cosmetic,"N/A (blend: GHK-Cu, BPC-157, TB-500)","A combined research blend of GHK-Cu, BPC-157, and TB-500 studied individually in preclinical models for tissue repair, dermal, and regenerative signaling pathways.",80,TRUE,For laboratory research use only. Not for human consumption.
,KLOW,Skin/Cosmetic,"N/A (blend: GHK-Cu, BPC-157, TB-500, KPV)","A combined research blend of GHK-Cu, BPC-157, TB-500, and KPV studied individually in preclinical models for tissue repair, dermal, and anti-inflammatory signaling pathways.",90,TRUE,For laboratory research use only. Not for human consumption.
,Melanotan I,Skin/Cosmetic,75921-69-6,A synthetic analog of alpha-melanocyte-stimulating hormone studied in research for its effects on melanocortin-1 receptor activation and melanogenesis.,30,TRUE,For laboratory research use only. Not for human consumption.
,Melanotan II,Skin/Cosmetic,121062-08-6,A cyclic synthetic analog of alpha-melanocyte-stimulating hormone studied in preclinical research for its effects on melanocortin receptor signaling.,25,TRUE,For laboratory research use only. Not for human consumption.
,PT-141,Sexual Health,189691-06-3,A synthetic melanocortin receptor agonist peptide studied in research for its effects on central melanocortin signaling pathways.,25,TRUE,For laboratory research use only. Not for human consumption.
,Kisspeptin,Sexual Health,374675-21-5,A decapeptide fragment of kisspeptin studied in research for its role in activating GPR54/KISS1R signaling in the hypothalamic-pituitary-gonadal axis.,22,TRUE,For laboratory research use only. Not for human consumption.
,DSIP,Sleep,62568-57-4,A naturally occurring nonapeptide studied in preclinical research for its association with sleep-stage regulation and neuroendocrine modulation.,20,TRUE,For laboratory research use only. Not for human consumption.
,Bacteriostatic Water,Accessories,N/A,A sterile diluent (water with 0.9% benzyl alcohol as a bacteriostatic preservative) used for reconstitution of lyophilized research compounds.,13,TRUE,N/A - not a research compound.
